-4.749628030789853739e+00,-7.213088347220505625e+00
-4.447293707839762078e+00,-2.930556798467330637e+00
-3.770890220597836073e+00,-8.379793163490102614e+00
-2.228771530743105078e+00,-4.079549763999462897e+00
-1.116458289721738995e-01,6.523890426057616931e-01
-1.663818195658465671e+00,1.654705506410657501e-01
-2.003319279271753572e+00,-3.138874927175062890e+00
-1.404204921376027926e+00,-1.691277118326381501e+00
-3.534391198569660109e+00,-6.397931481026370548e+00
-1.256519539597100721e-02,-1.771077176739551895e+00
5.767333404246937967e+00,1.109322409927270314e+01
-1.485303443056895656e+00,-4.032559274498439095e+00
-4.343675670412970646e+00,-1.032596086513092004e+01
5.412505354989528839e-02,-2.919521925825506181e-01
-5.133710113339084558e+00,-5.672151903767520764e+00
-7.250687890212614839e-01,-4.515286752734545273e-01
3.987471796307207050e+00,2.685745611642454289e+00
7.255659178160580591e-01,1.547448226157705609e+00
-4.141229267327898533e+00,-4.540569856337119070e+00
1.235336123058664359e+00,1.469946601238572903e+00
3.884257658812449776e+00,3.660075804890621676e+00
2.495684988399839099e+00,8.217525298783822763e+00
1.661650137346687428e+00,1.912797676438844130e+00
2.420163286227636767e+00,5.686033495455583342e+00
4.207696073065692488e+00,6.680504279440858006e+00
1.881407104285343301e+00,3.974634995058035081e+00
2.331019074990960060e+00,1.523568915183567185e+00
-3.143175533315203385e-01,3.459473723283048585e-01
-4.370416547826829756e-01,-1.194676013851398710e-01
1.904317649309068550e+00,2.477552786003091700e+00
1.996376747622575998e+00,2.639781103937808293e+00
3.573260915712324515e+00,2.506637171103755168e+00
-8.095923378156638650e-02,-9.600714815548646586e-01
3.641935203122976805e+00,7.107623923003569821e+00
2.211502888212451889e+00,3.846674160243774843e+00
-1.930367013139272947e+00,-3.000520833019166833e+00
-1.727449528326637118e+00,-5.451431280974191829e+00
-3.867005664031905043e-01,-2.057018110215337980e+00
2.686841104929197144e+00,3.358260562985791342e+00
7.249944115659331390e-01,1.341230756141096769e+00
2.091323820658949728e+00,5.382561290924516406e+00
2.199268292574574346e-01,-2.775418618138866478e+00
-5.405731020111544716e+00,-5.258360175025215355e+00
-2.772307518620627409e+00,-5.057344377055700946e+00
1.718493734746467716e+00,5.066743734972601665e+00
-9.378676367521832091e-02,2.345861730088958375e+00
-1.394968915761426453e+00,-3.583845542786249228e-01
-1.521142285034566610e+00,-1.125074561014452579e+00
-1.629080888192043997e+00,9.035790678810442511e-01
-6.766794247488796543e-01,-3.208739629129399029e-01
-3.477164440898504960e+00,-8.642045387954016888e+00
2.291940274801270938e+00,5.862341156430137090e+00
1.175185146087831090e+00,5.969544753163676276e+00
1.700329489664912819e+00,1.344372582308149155e+00
-6.114779349053802271e+00,-7.308550203127326839e+00
-5.461310827084665753e+00,-7.380301619447608097e+00
4.290383030894930894e-01,4.638859842519897470e+00
-5.324302420648485690e-02,1.553981682370197515e+00
-2.218433310405138581e+00,-4.069548865968668494e+00
-2.356097344934064086e+00,-2.095431546761199026e+00
4.992582857447824818e-02,-2.167955876926086045e+00
-1.932796731331125839e+00,-5.514544546944741832e-01
1.862981588501967156e+00,2.844243840940864576e+00
-5.768169388519692742e-01,2.813119497032238403e+00
-2.038965869109821138e+00,-2.613658109250624140e+00
1.432188861722294870e+00,3.527004929826825563e+00
1.649741204895636359e+00,2.855372580550866957e+00
9.753763771772500091e-01,3.035466632435328993e+00
-1.248083650269739886e+00,-2.537599395071586716e+00
-4.498718052434624859e-03,-2.247014962122074522e+00
3.317127511466261947e+00,6.510364695506823729e+00
-9.848116246549636355e-01,-3.645648524774672272e-01
-6.779023542398062041e+00,-9.530167975155420024e+00
1.269272779864615508e+00,4.435168214668428810e+00
3.689398975920313184e+00,5.294104269139236152e+00
-1.368006035516988073e+00,1.196536402037855051e+00
2.595369843960821044e+00,2.696310906590832168e+00
8.405531085469497565e-01,6.230418028726564250e-02
-1.834708823947327927e+00,-5.315496594763241767e+00
3.248850113392564243e+00,4.597704225953659574e+00
-4.923675500609825395e-01,3.120395803000100443e+00
-2.441547562435607333e+00,-3.949948790214985905e+00
2.292045788983543275e+00,5.606357135512092249e+00
3.875927663746546514e+00,3.390399871293072298e+00
-3.241304383198053696e+00,-4.832589618966853351e+00
-2.577958679871623637e+00,-3.707035024017825364e+00
-1.548178521454338430e+00,-3.952176463674460738e+00
1.962292757900431672e+00,4.715183945196808502e+00
2.618485261632746752e+00,3.015855775854692222e+00
1.118062309895834217e+00,1.926756981451543060e+00
2.115155237071164596e+00,7.603739399347592132e-01
3.597533456232992144e+00,1.529214420172177791e+00
-1.181433734616641473e-01,-3.482023190273698887e+00
2.701820234650298413e+00,4.676383853280401404e+00
4.556926180814704352e-01,3.931946225094702818e+00
2.978026747687978482e+00,5.583770582480850564e+00
1.146217358070160897e+00,-4.545635360735170161e-01
-1.148380783351633072e+00,-2.293678389046765353e+00
-2.660023839492392739e+00,-2.811670160193745271e+00
-6.583595771885272896e+00,-8.396438527447939393e+00
1.133697571046716090e+00,1.426962720246114147e+00
-3.325032078031193272e+00,-4.281061506326757637e+00
-1.418550127534408123e-01,-3.552649031523581691e+00
7.229801438766315647e-01,-2.892830483690668752e-01
-6.085926797377452235e-01,-1.230380593991591276e+00
-2.550023164477740689e+00,-3.662880946745995292e+00
-1.538405831423662606e+00,-3.557436201274680521e+00
2.718632347161552332e+00,3.757856599489144855e+00
-2.979548838108334596e-01,2.728634338659066128e-01
-5.585147510086660105e+00,-9.532573458849546100e+00
2.689745383813429758e+00,3.840259858977914664e+00
7.216554261358637534e-01,2.206948744735755863e+00
3.778027213859671551e+00,6.519276515520554760e+00
-5.979202426881088384e-01,-5.355651139427848317e-01
1.700180810282702737e+00,2.388025461760793444e+00
3.987061292340099872e+00,5.732514424011029952e+00
9.776646421590704517e-01,2.505877327912703123e+00
2.176380431634148405e+00,5.281326802278901944e+00
-1.861583460936598211e+00,-7.389317997140776306e+00
-1.668467070870168101e+00,-1.435017081923517734e+00
1.943063995345060135e+00,2.472338806211606954e+00
5.980084001643162228e-01,4.012962473423366538e-01
2.273420917403078612e+00,4.112637189185308628e-01
-3.837013777752425359e+00,-4.277565701641256268e+00
3.340561831750763488e+00,2.645463749277095822e+00
-7.800398812590260134e-01,-2.498902837633821594e+00
-6.667948364156489616e-02,-7.669962058404233840e-01
-2.344722380314376853e+00,-2.542196308354061074e+00
3.047570722371491847e+00,2.320106000891577924e+00
3.391833282698307528e+00,6.987022896397728999e+00
3.413794213137286260e+00,4.735313457589149344e+00
1.531317898705946812e+00,2.482176805538679254e+00
4.649663503716012336e+00,8.250601641941184283e+00
-1.383250298103871678e+00,-2.158296941362471522e+00
6.863247048706195841e-01,1.360309513218593613e+00
1.495436866737485548e+00,-3.151151560825365738e+00
-5.218105231653215270e+00,-8.026028709643526327e+00
1.974654667164859045e+00,2.538712083103765949e+00
-1.124636507998198809e+00,-2.139932948718634265e+00
3.201033133474019632e+00,9.643438626927158808e+00
-6.405599102895671582e-01,1.006715169038764346e+00
3.433972907332416558e-01,3.728425727619311125e+00
-1.259147268467974534e+00,-8.821926018086629906e-01
1.514386160703233619e+00,5.042567924551793368e+00
-2.885353645760359242e+00,-2.212762118148907664e+00
1.994971039817694525e+00,2.388534274529622969e+00
-4.782657390032904132e+00,-1.026047496591596619e+01
-6.820840966052423848e-01,1.175613485363488087e+00
-7.664656720755446129e-01,-1.019767716793935075e-01
6.620159575464850121e-01,1.877799400840054034e+00
1.763454413015324462e+00,6.379569836919156245e+00
9.046014695714652554e-01,1.364134250667254911e-01
-1.244996809675854355e+00,-3.049525524270145560e+00
4.529542772426526476e+00,4.901601980641459022e+00
-1.583467159014667169e+00,-3.004998026950731926e+00
-6.345901676669181146e-01,1.134760225526670219e+00
3.460334189439551178e+00,4.355389827195296881e+00
8.732199331802699138e-01,1.670154271541414381e+00
3.624603330466734663e-01,2.525947553751775598e-02
2.496929885151737416e-01,2.024572102550777353e-01
2.520705886431576559e+00,2.597580433464529825e+00
1.164312603344951347e-01,-1.628342700883273819e+00
3.160786100288208722e+00,4.705938776721225736e+00
-1.633163335477167077e+00,1.861333187214527785e+00
9.072470855959344771e-01,3.466903400234854438e+00
-7.924740347667842411e-01,-3.776135854730201746e+00
-8.618905565199830310e-01,-3.883162520409338292e+00
6.074059640985510988e+00,1.151507752956544373e+01
3.965398314940343560e+00,7.630414644087275100e+00
2.128322246220593073e-01,3.759956614431735566e+00
-2.252410834673979068e+00,-4.738310396180310136e+00
2.801645479559810692e+00,2.251005019423530484e+00
1.349028705844217857e+00,1.707195966643324514e+00
7.670137218483229491e-01,1.618274776241043655e+00
-1.753692184861743053e+00,-2.249615627694269371e+00
3.192359845742439806e+00,2.453475467155334933e+00
-2.777281729901347695e+00,-6.109643562415487672e+00
2.091264666363615188e+00,2.469110742565715277e+00
5.016136036603199955e+00,7.504398746434546297e+00
6.369739292775804529e-01,2.348252834058119909e+00
-1.741738261479207850e+00,-2.938026198806848566e+00
-2.624372039712520976e+00,-3.742022687402785763e+00
-1.054142796892272305e-01,1.514169531421630244e-01
8.289135458598906325e-01,5.929708953683128225e-01
1.678819808543896341e+00,5.283298757492833619e-01
1.934235175417703401e-01,-1.707527319796759313e+00
-1.870785094498206291e+00,-3.675082491234704651e+00
-5.664397057019068260e-01,5.374340635728178106e-02
-1.913637553304718963e-01,-3.541457897955634149e+00
-2.750724516226747962e-01,1.338041722388279453e+00
3.878714882471485215e+00,7.353398540202123357e+00
6.531530164480976453e+00,8.951731240340915718e+00
1.390876060086312593e+00,-1.041841326438014637e+00
3.773864711261729177e+00,3.367211326050623565e+00
-4.249363469970518281e+00,-6.850365034757305516e+00
-1.212032214441282507e+00,-2.506080131724540916e+00
2.330540367030021542e+00,6.298293216679422546e-01
1.409833146303061113e+00,8.243053960518603729e-01
-3.159463622850577469e+00,-3.005680953743023132e+00
-4.415318398664369148e+00,-5.720837771242992531e+00
2.491556853257240967e+00,1.927707877920796342e+00
-2.227906630320709347e+00,-3.038040551257444655e+00
4.082552607100295106e+00,7.632995964187952787e+00
-2.080105936020245405e+00,-3.397299686425209408e+00
1.185493374140376588e+00,3.503234673245534947e-01
2.881879571702337106e+00,6.513647948538331178e+00
9.788920543248061934e-01,1.177257854020928640e+00
-4.926868755493197582e+00,-6.930301795156729838e+00
-1.050437774370148070e+00,-1.485526490123194376e+00
-5.326491807271739987e+00,-5.485538989262587428e+00
-2.835985534944174713e+00,-3.603589874672593840e+00
5.102099109715596548e+00,8.882508283109350700e+00
2.394866023665708221e-01,5.975231886287003524e-01
1.119601246022914331e-01,-5.423550247410835468e+00
1.174672434700411827e+00,2.539655401410252367e+00
2.433683277605215522e+00,1.213136439933574451e+00
-2.411230518840374426e+00,-3.510804316872864650e+00
2.134360369960290882e+00,4.254763050166729954e+00
-2.049552415183283571e+00,-3.455505722981082606e+00
-2.062728205321199937e+00,-3.328297556947306113e+00
2.024328597443549871e+00,1.048329475852838977e+00
3.947664541080572742e-02,4.648227745285717361e-01
-2.076497259941482820e+00,-3.747746128954818179e+00
-2.726288264715901466e-01,-2.437335189520395407e+00
2.046927318716092792e+00,3.235749528299110889e+00
1.888578088995201965e+00,4.874578008760237502e+00
-1.403169586676186853e+00,-1.801343749869003474e+00
-2.657513594638927223e+00,-3.539694712208576455e-01
3.142884429993625162e+00,8.052739134307793645e-01
-4.506075405345423279e-01,-8.657734144610055305e-01
2.166596781195391230e+00,1.658928114810044541e+00
9.303115676888145114e-01,1.944925731100637156e+00
-9.139173665631501464e-01,3.396824927999461785e+00
3.102429519008181202e+00,3.622152999271170959e+00
5.470301752003922324e+00,9.766991846719282222e+00
5.502728971512779843e+00,8.201401123043240204e+00
1.323134215091266608e+00,7.837258287747292940e-01
-5.220330516069074278e+00,-6.791732310300308662e+00
-2.491096345927854561e+00,-6.020972403756634783e+00
-3.254095701944922592e+00,-4.487377995403117659e+00
-2.843907887401794898e+00,-2.700759925723632549e+00
2.642629259525445917e+00,3.600083391439307334e+00
2.367399268891006159e-01,-5.040300037389163101e+00
-4.262919469062563138e+00,-6.076525397540712525e+00
-8.417136256156616814e-02,3.094077795230875672e-01
2.877451757117190922e+00,4.149605953080796716e+00
-3.903508976803219177e+00,-3.942573863377190069e+00
-6.644138863472834444e+00,-1.138849378151541991e+01
2.100600352102878432e+00,2.499149663686153655e+00
2.603631668013747458e+00,4.243942618150014390e+00
-9.218278851379961836e-01,-1.629214739994864658e+00
-2.518414933832342495e+00,-4.739171604097705881e+00
1.386482329245455780e+00,1.154045654775841090e+00
5.470563951735846864e+00,6.040248063171209658e+00
1.766618929534896187e+00,5.654128519853862223e+00
-3.462296354659732511e+00,-3.038728774213982575e+00
5.082655234524665389e+00,4.562934736172708838e+00
1.484969565951429260e+00,2.871694831741005149e+00
-2.181795054313246052e+00,-1.542977448868235735e+00
-2.271700135854673785e+00,-2.717737491542083772e-01
1.373586321558232903e+00,4.524387709427579729e-01
4.982212531750900730e+00,6.604995331814655479e+00
1.950959275886271493e-01,-1.490802770748192341e+00
-3.599075787102357982e+00,-3.193511249940022889e+00
5.121991983324954312e+00,1.043290213341095729e+01
5.213659439801231699e+00,9.640282123205244247e+00
-3.106729589972186734e+00,-5.121448598378902872e+00
3.710418572069804188e+00,5.075923766808052129e+00
8.147735952524055580e-01,1.004629692118867101e+00
6.036071199281551891e-01,7.957413440430856078e-01
5.534628922454922773e-01,-1.540005700566112301e+00
-7.603986627509773388e-01,1.824492536083827332e+00
1.355698952084152475e+00,1.383546789023655688e+00
-3.864157717015510585e-01,-5.896655601193230289e+00
-2.373092336723456430e+00,-5.308153657940095194e+00
-4.944486684402915611e-01,-6.389087210329659205e-01
-2.105474169910244164e+00,-4.109161784931760764e+00
5.225925839758345237e-01,3.542803376152873440e+00
5.865817664926253450e+00,9.962348196956483548e+00
4.038348568659707816e+00,5.269671573980938106e+00
-4.965684367497737561e+00,-8.489683806593864901e+00
1.113582708663699572e+00,-1.766601042885610706e+00
1.638056791937548162e+00,3.173094681862028033e+00
-1.436638242714826541e+00,-1.165900480812380291e+00
-4.944979215060480437e-01,2.433681503835545545e-01
5.129301922424083227e-01,-2.881170976249735283e+00
-7.813495640631924477e-01,2.517636687043806054e-01
-1.141531560508647347e+00,-2.676094095903317260e+00
3.008847684908638520e+00,2.797639376854036186e+00
-6.908476405804355736e-01,1.152983191462755297e+00
5.450044113644314514e+00,7.865551607791900324e+00
2.132238810683746877e+00,5.214373448334699290e+00
1.802023693235427215e+00,2.083493354977718592e+00
1.401818274211300563e-01,1.149583545615189717e+00
3.710730245692431595e+00,3.507504333511879402e-02
-1.746293474199450912e+00,-2.053967984981271755e+00
1.519405500862710756e+00,3.488100986667530545e-01
-1.215918513279513613e+00,-1.279490353771045141e+00
1.364372527960276971e+00,1.863496056468165962e+00
2.475314694118182945e+00,3.820544651154381466e+00
3.484209010160926656e+00,6.747723080217628677e+00
2.136674748387802580e+00,4.101509603717224728e+00
4.028847279525132663e+00,5.604994667678255382e+00
1.765589518191207574e+00,-4.162629000545162161e-01
5.372681659243566665e-02,-6.859107865699534123e-01
5.506214211872200615e+00,6.642487042623904436e+00
-2.309878125798535464e+00,-2.071862822720093700e+00
-3.500245877432051067e-02,7.700558683991552966e-01
-8.529730515696583026e-01,-7.672947019306571859e-01
-1.847978550418540866e+00,-6.212891280521276371e+00
-1.340727213044895061e+00,-3.050173025478498445e+00
8.294373734819984190e-01,7.835703522274305444e-01
2.034283885526910307e+00,9.283601081801677868e-01
-1.956095607839016814e+00,1.150512006051913616e-01
1.409497266563300988e-01,2.355466142581720823e-01
1.816024674083615897e+00,2.830714651730158682e+00
-8.278979663802804589e-01,-2.158733068063440008e+00
7.674901477265425598e-01,2.124220987719417586e+00
2.058140267815573132e+00,3.998175093272078318e+00
-3.262308366765380274e+00,-2.731257855883681529e+00
-1.002570365969041699e+00,1.106242238781948606e+00
-1.680315987026697488e+00,-4.882857659203720502e+00
3.304990640949554415e+00,4.964842240223579672e+00
-2.495981132751796672e+00,-4.369478842890340609e+00
1.016947850151685984e-01,3.352146912163551207e+00
1.368839567023722781e+00,-2.439231431159979646e+00
-1.256138626043276307e+00,-1.059039495569110478e+00
-9.651547641018157764e-01,-7.109921918840603761e-01
1.350794406275873216e+00,-4.164997848870423680e-01
1.771384452989145597e+00,1.058564089141128317e+00
3.455145462710070170e+00,3.255880683676390497e+00
-1.214045403487536978e+00,-1.852715624645722370e+00
1.698243180552789777e+00,1.541860731980721155e+00
-9.103587765916328900e-01,6.713332858544539539e-01
4.649914159213807352e+00,8.636390612725158178e+00
3.049746206867707699e+00,1.296908527935864974e+00
5.661848256218365627e+00,7.705658632808779274e+00
-8.991283111720828058e-01,-7.153833576322921051e-01
1.424132427610123264e+00,4.492212823161255031e+00
-3.897105858737562212e+00,-5.779581809533971715e+00
4.626637506488993079e-01,3.086140238214256648e+00
-2.658625886386789094e+00,-2.719359178563335533e+00
4.178055926586586644e+00,1.258940909443320377e+00
-3.822491033892839951e+00,-9.765151261189259912e+00
-2.047869852168159088e+00,1.414041382763233212e+00
-1.674772634392791115e+00,-8.877289603272549012e-01
5.334821225545624657e+00,5.380639893063922763e+00
3.467894540025022732e-01,2.821185192576304068e+00
1.575005785333857489e+00,1.035753234873106443e+00
-1.463825586712695248e+00,-2.591146306902669672e-01
4.682786285799218184e+00,5.439765437287945815e+00
9.803607134036412818e-01,3.900692869915280525e+00
-2.498196960695108437e+00,1.431141289527000371e-01
-2.299170528033778638e+00,-3.960422082204348992e+00
-3.338420199041242320e+00,-5.212870150985521533e+00
1.144115432183349768e+00,3.328105878285670727e+00
1.993703538448990731e+00,2.776943249284117954e+00
-3.213741728599196712e+00,-5.642809031373020368e+00
2.415673425190309587e+00,3.134248523910890150e+00
-2.047136145837276100e+00,-4.594278457105870572e+00
1.420887340002313204e+00,1.357645183039907222e+00
-1.117576412278242781e-01,-9.787834452581068989e-01
4.783035364431695413e+00,6.271800830632681567e+00
1.205600984281204102e+00,4.586245020055936372e+00
-2.549729858495706214e+00,-3.109138880773220315e+00
1.989991903800411688e+00,1.694265620263925465e+00
2.207272592745700202e+00,1.578060482838494982e+00
-4.199813400417260034e+00,-1.170311937071548414e+01
-2.507528694713745399e-01,-3.055813688006308038e+00
1.146498282576940086e+00,-8.512639570074226336e-02
3.954348028239212720e+00,4.351901347632970207e+00
-4.248526893269825244e+00,-7.457870888313533619e+00
1.406857308178023791e+00,3.518044113559052999e+00
-6.720402462669862187e-01,3.385646256761615791e-01
4.267790902678483711e+00,7.839999498210577400e+00
-4.317152869803466686e-01,-4.134342037513986767e+00
-2.637935536951969695e+00,-9.864176674570546144e-01
-7.002926737349935982e-01,4.984680459381202189e-01
-1.033910329035739650e+00,-3.198122910012829223e+00
1.307517733559169892e+00,-9.990084886119070529e-01
8.847504469329816601e-01,2.040680391622855971e+00
-1.821778315081663102e+00,-3.030697219403279075e+00
-8.019919068316744282e-01,-3.615961548841224893e+00
2.358044072242615197e-01,4.383077875589638239e-01
-4.411121244871614167e+00,-7.899175693307189938e+00
1.222812248880822850e+00,2.111850419571383863e+00
2.114523055634429660e+00,3.971135846662551039e+00
2.516412947081406060e+00,5.859599839309390656e-01
4.308309088425847921e-01,7.808647859662645740e-02
4.123111082936974370e+00,6.835758222639120696e+00
-4.174688291489662362e+00,-5.992510710648249805e+00
-3.189033780941146201e-01,-3.287739403117230452e+00
-1.320171744868754660e+00,-1.928632854906082272e+00
-1.696052890851304618e+00,-2.002626352639874430e+00
3.421447639485405645e+00,5.701776141438167578e+00
1.931179404044130798e+00,3.163538514364905296e+00
1.055457340817564926e+00,4.473984260290484016e+00
2.944717236267047067e+00,3.138610532990116830e+00
7.811400952669649289e-01,-8.855836484567949363e-01
1.801875627222829124e+00,1.347072971449775114e+00
-4.217508410693342924e+00,-5.523037422150747666e+00
4.941784905039507403e-01,3.428512464876862231e-02
-2.705500807505075489e+00,-3.745575038888722119e+00
-1.216067259070012563e+00,-2.110360823963227439e+00
4.302694129829738756e+00,7.046608418327303447e+00
7.463026601787305925e-01,2.583755222202486213e+00
-1.927763274827282602e+00,-4.608345730420045250e+00
-2.723816561423587856e+00,-1.050335795294988994e+00
1.521890003024564120e-01,3.703224876978721714e+00
2.101348462587347310e+00,3.600988908977929892e+00
1.741863843290090280e-02,5.301797769269398636e-02
2.615482837542628669e+00,3.212306283689549957e+00
1.368381661831135299e+00,2.984168137460277315e+00
-2.819353236883653135e+00,-2.078943766689969053e-01
-2.954561938099320439e+00,-6.041505353570219228e+00
-1.703536569849370741e+00,-8.382999731147108280e-01
-1.365493297837981623e-02,-1.657721651792711248e-01
-9.068056897290159846e-01,2.431759641598909560e-01
2.403652662917711957e+00,3.398014249924230068e+00
-1.450382821865762395e+00,-1.814914494585541549e+00
-2.643617580609688433e-01,-1.204736437339433808e+00
-4.335794752739246860e+00,-2.961248866310357997e+00
-8.381162906491971265e-01,-1.813252136417291771e+00
-1.397012103609994060e+00,-3.467272700428067456e+00
1.836417023654993708e+00,3.173096082890231706e+00
7.463941914218796825e+00,1.025939789080847575e+01
2.080788523578623206e+00,7.464264794949354576e-01
2.962104847165101251e+00,4.114935866422820610e+00
4.453569543815621756e+00,6.700255654668842098e+00
1.309403018301807720e+00,2.266604484283292642e+00
-3.027423702463456490e+00,-4.766776688292993391e+00
-1.416877361491590825e-01,-3.587537705985514164e-02
3.466504408911741386e-01,-1.496760269982600144e+00
8.531756814355972995e-03,6.469826734521475498e-01
2.634627010040805573e+00,6.229372607904045900e+00
-2.124674868620239021e+00,-4.886931077073809249e+00
1.388892406736824237e+00,5.498039883164000940e-01
-7.881278976889434240e-01,-3.507113934773400388e+00
1.324654181667999975e+00,4.806399715070632794e-01
1.483633095160541426e+00,-1.166695754309878374e+00
-2.435557254241389025e+00,-6.095422341074033135e+00
4.168604677771520217e-02,-3.649035241831335430e-01
2.693633992613355232e+00,2.736828822763137214e+00
-1.858753108147624733e+00,-4.220560189979346788e+00
4.450007659926702441e-02,-1.566802584055497771e+00
1.186860180992866942e+00,2.974817366224887571e+00
-2.158286089941889418e+00,-4.009426091669724634e+00
1.745632214527005566e+00,7.045643910600603910e+00
3.515507144037465892e+00,2.787353608502701974e+00
-6.094480007090469442e+00,-1.113517856470416945e+01
4.251466967495096227e+00,5.790188605679519540e+00
-1.085581733759926948e+00,-1.446112925141344263e+00
4.837981706358056577e-01,4.552533301853124215e+00
2.361474390292274794e+00,1.566770661044970314e+00
-3.583949787801457454e+00,-3.338517707862689754e+00
3.292426537126559527e+00,2.697380285913365316e+00
-7.269831103315254062e-01,-5.423973578605925105e+00
2.184521861961336242e+00,5.676671286248859083e+00
3.746669334155773856e-01,9.292256946000240769e-02
-7.409807789611820850e-01,-1.566195597951534291e+00
2.086863817455096637e+00,6.143808163635064545e+00
-3.482059283188000176e+00,-5.468432196087402275e+00
-2.212314179630336497e+00,1.051675833544748251e+00
9.209884239981884768e-01,1.025833671932443014e+00
-2.227756266223855697e+00,-7.533737206527159058e-01
-3.732076524748952018e+00,-6.841703506265462309e+00
4.695400061780277134e-01,-2.029224772138519484e+00
1.530682489143149638e+00,8.672568748422148088e-01
9.965143774856795034e-01,5.130501222149266738e+00
2.449035753861179110e+00,3.052857718097343298e+00
-2.075434035109438913e+00,-8.512063240526309693e-01
-3.674143165384199605e+00,-5.607522804300788533e-01
-4.637947547639370560e-02,4.516042404069464666e-01
-1.973988777803221684e+00,-3.984973857352377413e-01
-1.158116040792964707e+00,-2.196813572214026955e+00
2.138749327796103383e+00,4.118007966978195711e+00
-3.119386813392647895e+00,-6.116497584490558026e+00
-1.537395662498277638e+00,-2.095858513085225194e+00
-1.426844409989238116e+00,-4.061917642655068050e+00
-4.692307947004293212e+00,-1.055664278141784962e+01
6.779516215256087275e-02,2.036574219427072396e+00
-1.483496343741389722e+00,-8.085630777733671115e-01
1.301866139403743627e+00,2.048552256658330073e+00
-1.438967549597279127e+00,7.813314121824634917e-01
-2.433443671898527949e+00,-2.483433714514093005e+00
7.678357366120328598e-01,3.283613814612730497e+00
-1.808296844379385870e+00,-2.123132119150754615e-01
-4.737344936013925256e+00,-8.640620596179610757e+00
1.786769569674030445e+00,1.251702429383272808e+00
7.002430385505843402e-01,4.016274333204389313e-01
-7.649925993418073000e-01,-1.589990789882265165e+00
-5.557654287147162364e-02,2.087070521291802816e+00
1.945495540124606570e+00,4.177689206850221382e+00
3.601540953344503082e-01,2.093166006749921149e+00
-3.175652700979279430e+00,-5.991861637254610073e+00
-1.258143357924142114e+00,-1.761560318529557412e+00
1.773516563074232444e+00,3.492810194427126813e+00
-1.090158388046939875e+00,-9.978856824290139871e-01
4.092402775970244155e-01,8.851124900363187553e-01
3.177662385367177933e+00,4.640603830044613076e+00
-2.184766416595837590e+00,-1.866579428793196271e+00
9.570889524044154939e-01,1.833229547463056885e+00
-7.484328660595586102e-01,-8.530215450922663534e-01
2.859529604099368960e-01,-3.241156950295454031e+00
-9.178983661874243194e-02,3.344778475394409867e-01
9.871468531945444269e-01,5.099106140996992664e+00
-1.805365278448413546e+00,1.496583319930279155e-01
2.781859051376113889e+00,2.846049816518445574e+00
9.486145473779556969e-01,-1.834843145054138702e+00
-6.222779531781064133e-01,-8.532631906521255249e-01
-3.157071720614819554e+00,-3.903208248717780382e+00
2.024120255194577389e+00,1.174843433978575380e+00
-3.550686749793439123e+00,-7.628017531074652524e+00
3.575888385649344858e+00,3.825201595587102155e+00
-2.315052535852487381e+00,-4.978476929633065318e+00
1.752269208087066765e+00,3.245654091212684556e+00
1.123693630504896568e+00,5.112247053690115450e-01
-2.832767791172167815e+00,-2.608416797763531303e+00
-3.140671294756757881e+00,-3.740502657225152738e+00
5.919142115837636720e-01,-2.637257615645712150e+00
-4.425568538778272831e+00,-6.866137238968671674e+00
-2.514368179665435132e+00,-1.968202905766952782e+00
-3.942938857413126108e+00,-5.811387374936081152e+00
-5.461610196227744130e-01,-2.151365313065697560e+00
6.843161518826633705e-01,-5.925960465975329550e-01
2.593870143703074671e+00,2.556230112182927172e+00
-5.533172780957122949e-01,1.213516858939578169e+00
-8.062163567704336842e+00,-1.324706842090233927e+01
2.220581065272205556e+00,6.347235562597375313e+00
1.341549314758683442e+00,9.155039191716376479e-01
5.912668732592506471e-01,-1.541733192278302411e+00
-4.743535568579828055e-01,-9.833196011130215242e-01
-5.871963223228420237e-01,-2.116828613856188979e-01
-1.826425755393035200e-01,-2.754255320883844949e-01
-1.080467702745709691e+00,-9.763131735555923285e-01
3.850723546122797547e+00,3.582927713361979905e+00
1.439391463902872426e+00,-5.009110770388507383e-01
-1.060445735413972024e+00,1.297534253242160762e-01
-5.701998654503870334e-01,-3.111798525242877478e+00
1.846388248558793688e+00,3.795349577753160286e+00
1.282990233393627166e+00,1.521137895185837863e+00
-5.994482342220704973e-01,-3.036530128791238070e+00
1.716744058425000219e+00,1.264313303713084702e+00
3.365480334628309755e+00,3.936003727603630153e+00
-1.732612851825354072e+00,-2.824151389679142810e+00
2.395527501166135664e+00,3.578018013004416797e+00
4.736943423805901610e+00,6.509083725543235666e+00
-5.268963706450896289e+00,-9.096133491391853454e+00
-1.762207238162971423e+00,-3.114539494927517804e+00
-1.461862379908910547e+00,-1.113557797592165777e+00
2.776990238526780619e+00,4.633263109461082330e+00
-3.215536060086248593e+00,-7.068122908000882276e+00
1.685957821697929404e+00,2.221030384009561764e+00
-1.140711750222023646e+00,-8.538290932899967878e-01
-3.602730639586441352e+00,-5.069849175830997368e+00
-9.757527771878855560e-01,9.294521995780855583e-01
-4.099447031689962273e-01,-3.757596495115277602e+00
-7.876378772588860322e+00,-9.694971734683701214e+00
7.945796764409873703e-02,9.086271345172389768e-01
-3.141564840955693771e+00,-5.666034049867458400e+00
-2.809173597085214080e+00,-2.488072703584198742e+00
3.066383742477449825e+00,3.952061040793722224e+00
-2.706859687376462098e+00,-3.633941643563548318e+00
-2.180199757118593151e+00,-3.958907418327328731e+00
2.513213498667036916e+00,1.558191739070851067e-01
2.809975542318791764e+00,4.848857283496259996e+00
-2.528968514695430159e+00,-3.188921620401180768e+00
5.631094061739458922e-01,3.955795705965297060e-01
-6.107272665396887845e-01,-8.726705326960876308e-01
-3.627141352390650386e+00,-5.834459705114987571e+00
4.828808882758990784e+00,5.559675923630448935e+00
-2.728759781840087051e+00,-7.014484287516935979e+00
-1.661833947954083790e+00,-3.360439747558204626e+00
5.428964488402865385e-01,6.433810130946486794e-01
-2.866751915031239051e+00,-5.243539115891588054e+00
1.456933483638787941e+00,-6.721592930756665751e-01
-9.910703064010710772e-01,-5.881969816580697730e-01
-1.849909977495271196e+00,-2.647638338353759391e-01
-4.056670018173862413e-01,-7.356378029526028373e-02
-2.711625918969191140e+00,-7.761681690113030108e+00
-1.456006644256468974e-01,2.675588150646627916e+00
-2.938778277663564253e+00,-3.580441981540974705e+00
-2.365906630840679981e+00,-3.331313904760817568e+00
-4.399864024228837600e+00,-6.667430461647244400e+00
-7.396696520984192835e-01,-9.253159001494080105e-01
5.584976395450753639e-01,-1.425864616643321092e+00
-1.801008925620027235e+00,-3.313232568828987201e+00
-4.466567814666017711e+00,-7.709166271150803773e+00
-1.268944889833958811e+00,-1.640904501369470081e+00
6.664017583113927001e-01,3.159703396544979892e+00
-4.728150036825979008e+00,-8.026858869500991034e+00
1.066509961520721195e+00,1.076393582256393699e+00
4.869401100201177002e+00,7.871183812342570363e+00
-1.571417660961503149e+00,-4.967614056743629991e-01
-2.015574763777979062e+00,-4.262184808129958036e+00
-3.198159676391686412e-01,1.761702001807132323e+00
8.895136581386986485e-01,4.594873972218059821e-01
-4.397074813370973168e+00,-5.310895639217777742e+00
4.861882933846104482e-01,-3.942234543197172258e-01
4.477962490706655529e+00,8.781602540706154869e+00
3.992621845790180757e+00,2.731465247199434287e+00
-4.525975214740571850e+00,-6.327129605646558019e+00
3.924831235211205360e+00,4.149953011097611721e+00
-1.379649282611522754e+00,-4.132100731629698487e+00
-3.779236708123450583e+00,-5.128745158095544987e+00
-1.698750570245132430e+00,-2.043929379134357571e+00
-1.266814588026659028e+00,-3.385824394474354904e-01
1.052988848485512552e+00,1.956983577188284418e+00
-2.376804684539101764e+00,-2.866397903736793040e+00
3.423294281938890737e+00,4.764506330859298977e+00
-2.629667645764383610e-01,-1.280667003350756783e+00
-4.063971822885418916e+00,-7.678749987778804353e+00
-2.868821906835193891e-01,1.091172122057596283e+00
-6.922513946958694930e-01,-1.468415459712443472e+00
1.612166664404345973e+00,3.344337082333169064e+00
-3.016175618719637797e+00,-4.119626152275705167e+00
3.778992927065520924e-01,4.197342558520345435e+00
5.020887191496679947e+00,5.249159662142297123e+00
-2.593389004276139609e+00,-3.923434200832834229e+00
2.353664991987811650e+00,1.729992460045423730e+00
-5.881215356054636523e+00,-9.706840711701353541e+00
-1.614870333789366841e+00,-2.079917604372186979e+00
-1.566944718175420359e+00,-1.543611639197166374e+00
-1.486102722816957211e+00,-3.282138508058250359e+00
2.288546440327498210e+00,3.036375997791050940e-01
1.698715647917803384e+00,3.428430397336877267e+00
-3.138585545230552665e+00,-4.080919017153606276e+00
1.981720477153110949e+00,7.637051861358175042e-01
5.878659961509557164e+00,1.230201985566198886e+01
1.869031110448082122e+00,2.242247223909032972e+00
9.341242063574604071e-01,-1.299779444199210099e+00
-9.456577770915350900e-01,2.546218160629197591e+00
-1.580283326935580268e+00,-1.936677105626873896e+00
1.924793102472184714e+00,7.851919673199153848e+00
1.815694632193627145e+00,7.009189017833548085e+00
4.002635616919226536e+00,9.648780554639607487e+00
-3.287124172892398999e+00,-7.248424169593779887e+00
-1.543141687015626040e+00,-1.488221984202758641e+00
3.326098563625444093e+00,2.656459523581950588e+00
2.794004048964501496e+00,5.833807568982621206e+00
7.183407805967015891e-01,5.879907984851073799e-02
-2.862166239376807475e+00,-3.799796821187757967e+00
2.958397069307573624e+00,2.542493899984557881e+00
-8.197989300632446685e-01,-2.487874613139435809e+00
-1.661748150474888552e+00,4.189708565857775402e-01
-4.762715936486314749e-01,-2.572071307881691027e+00
4.552064798693365999e-01,-1.181850802929511168e+00
-3.499309461399696008e+00,-7.068814124530802268e+00
-7.920776083250025135e-01,-7.091518963226686179e-01
1.361589146322475630e+00,-1.709754620008299586e+00
4.005939131209713011e+00,5.848378327775116681e+00
-6.713504409060634393e-01,-1.417710422159188521e+00
3.592502840990225543e+00,3.313316483070282814e+00
1.419906788585126867e+00,1.441658630035226096e+00
-9.834775244864629729e-01,-2.331871181095436896e+00
-9.663065139516695545e-01,-2.852573287593725304e+00
9.494365086887655014e-01,8.926956917500527000e-01
1.386103183811333572e+00,3.624986352119271338e+00
2.493127680528380630e+00,3.147843654640602118e+00
1.346475753803582087e+00,-3.807468942645004240e-01
1.447162595885094438e+00,9.902577301571844348e-01
1.019846467486578145e+00,1.602059668888429877e+00
2.188397278786207600e+00,3.250293759677495231e+00
-3.233921417246316210e+00,-5.522292941139220090e+00
-3.161387188075716725e+00,-4.636883745648362698e+00
-1.231635077591031635e+00,-3.669699395847325185e+00
-3.812945120331959759e-01,-3.705187459199204003e-01
2.263280222946836062e+00,2.142053703354559246e+00
2.366150361751107933e+00,7.067013498793259352e+00
1.211832118540448811e+00,4.807603077003472336e+00
1.937669525598426645e+00,1.510094205041556226e+00
-9.828150418385122045e-01,-2.955359348446521039e+00
-1.116085162317356438e+00,-2.569449796606743330e+00
-3.266864854747804081e-01,-2.536083676788423169e+00
-2.507097119069245039e+00,-3.240448670584800794e+00
-8.335526529015746533e-02,5.273730081943212689e+00
-3.400143922063433966e+00,-1.057978184985687520e+00
-3.813330343201621453e+00,-6.836250541969605798e+00
1.388215492608363855e+00,1.521263148060786330e+00
5.179225079747257432e+00,7.333884260529571542e+00
-1.983820380701200037e+00,-2.288774502299588676e-01
1.131602092108402902e+00,3.720956801640161515e+00
3.643778949043639415e+00,4.961397121044107905e+00
8.052704992961072783e-01,2.123677632187121134e+00
-2.001945476994428486e+00,-1.414238076552252199e+00
-2.136757018630054628e+00,-3.115645517334590053e+00
-2.397380161495057838e+00,-8.001226972794106551e-01
5.762428587876242680e-01,2.561805228276718083e+00
4.130992999212653061e+00,7.829349341060843237e+00
1.200426791618092626e+00,2.035514987754364125e+00
-2.736396204352612216e+00,-4.290674650589981098e+00
-3.525907675352321746e+00,-2.943895039611573061e+00
-2.019489763696246332e+00,-1.016338133106752917e+00
8.201295699158370756e-01,1.370241568040568403e+00
3.645724164004089385e-01,2.753387980399139678e+00
-5.753307845354596051e-01,-2.012235444805212214e+00
-1.319830165047612081e+00,-9.828073638117651445e-02
9.494678878984916803e-01,-3.383154683996105749e-01
1.449392567135005638e+00,-1.606361736542273544e+00
-1.535181228932544162e+00,-3.459601432430015056e+00
3.820428376610489618e-01,2.440216889606515505e+00
1.650020915569084368e+00,6.779745254514714325e+00
1.664904968338587032e+00,1.743797095127216812e+00
-3.177778332562155139e+00,-3.922547776018316945e+00
-5.911165317241555250e+00,-1.043009139438106203e+01
1.627466896360977522e+00,-2.782561466567285979e-01
1.474088825074112652e+00,1.015053855485188006e+00
2.682447504688055595e+00,9.633469559770124757e-01
-2.861495571726244247e+00,-7.741827144541775674e+00
8.040953450844762429e+00,1.116465227658558312e+01
2.534672723648726311e+00,1.931673674917439243e+00
-2.609789839734467431e+00,-4.696260042846368776e+00
-6.110516642725267733e-01,2.170841585431641796e-01
-1.590176605551469891e+00,-6.845831834226245860e-01
3.252757985856192136e+00,4.379569942919782299e+00
6.174550048640499167e-01,-4.148376791783420003e+00
2.972948253969888821e+00,6.054468120987897883e+00
3.550425756770942964e-01,2.518320759444296009e+00
-9.385516771311839257e-01,-4.041934550529021841e+00
-2.090718381974982609e+00,-1.073997038791430381e+00
5.104036212674479822e-01,-1.139347210165548629e+00
-2.759007289462927837e+00,-3.364405579643408029e+00
-1.993082652484914785e+00,-1.904065721697447255e+00
6.662430782512867466e+00,1.307279556804196297e+01
-4.892079689185020008e+00,-7.379271855217195863e+00
-1.104777240292001306e+00,-4.416513584940113812e-01
-1.426812586554367490e+00,-1.077792206869113034e+00
6.845119639343946183e-01,-4.130888314850978404e-01
3.395555754810466009e+00,3.697763489335188059e+00
4.375669763941440138e+00,5.212911178022568315e+00
-5.060378919237395579e+00,-7.013522058268407910e+00
1.906003793491940046e+00,2.423753530051934391e+00
3.082605015118956016e-01,-8.216937515004143489e-01
-8.659951438149462444e-01,1.284814255779271885e-01
-2.126402041024752776e-01,3.287789633999197991e-01
-1.962084681689075571e+00,-3.875946454963691057e+00
-4.311117217184906591e-01,-1.362963241471197184e+00
3.624729174912159069e-01,-5.225011973571151713e-02
1.160357677712702262e+00,2.318371171863526925e+00
-1.541363947137724733e+00,-2.307123700445679049e+00
-5.789084032698789128e-01,-2.490926591012733837e+00
2.621587110217644234e+00,5.288231429156206254e+00
-1.756782665524381226e+00,-2.869051041984402861e+00
-4.169781356362944003e+00,-5.192586080819352468e+00
-6.491292969657719070e+00,-1.138994281345773629e+01
3.150309039576571823e+00,3.811674038628274808e+00
9.801654373205641591e-01,2.632993431166146259e+00
4.187609530517054424e+00,9.783760833644892685e+00
8.170878885018471038e-01,8.762996871567285684e-01
2.788846676879508379e+00,4.482676876728827864e+00
7.650262425008411138e-02,-1.204476092581004826e-01
-3.146295170076984782e-01,-1.740130682880736357e+00
1.737385027425962569e+00,4.061774870478246591e+00
-4.225525446184161815e-01,-3.106768767071881321e-01
-1.717932269478795071e+00,-5.000465063879516947e+00
1.000117858007754768e+00,4.267195450230401477e+00
4.865963251472655848e+00,5.547009495684839919e+00
-2.249335609687306281e+00,-3.316224671142533165e+00
-1.796358362364774419e-01,-4.915998510001914901e-01
4.857115987470808638e-03,-1.804997116564709403e-01
-3.016123995388226842e+00,-5.916788468778841903e+00
-1.209013399915379594e+00,1.631601910678129652e+00
-2.071863607338345847e+00,1.068753431561900946e+00
-9.660753372577043363e-01,1.167591831373745004e+00
3.981992533993922834e+00,7.049407992513457621e+00
3.185554899743975543e+00,7.117710492761425201e+00
2.763939830453026492e+00,5.255943895186521608e+00
1.741913745091629551e+00,5.731833672632818955e-01
4.489036486689522931e+00,6.545185639585735515e+00
-4.068737895093616608e+00,-7.482615913026758214e+00
-2.231624818692247381e+00,-3.891149232009946779e+00
-5.422545027064229473e-01,-4.659978511652961508e+00
1.513142503149805806e-01,2.201005088598838810e+00
4.839166074209730883e-01,6.413092365279908780e-01
3.970310288448053448e-02,2.421936197780145239e+00
-7.799811548726890420e-01,-1.228969177055437179e+00
-2.128439379169278833e+00,-2.394644250365269844e+00
-1.917669485731880563e+00,-7.382318343218374768e-02
-9.955135100828069183e-02,4.013493581948304190e-01
1.465471845143573315e+00,2.786058467349866952e+00
-3.374326727969609419e+00,-7.024773721970993812e+00
1.926676263596108996e+00,5.300640374563108992e+00
2.840856094847405422e-01,6.771541357857027155e-01
4.126268180798230156e-02,2.318867752013253070e-01
-1.363666862335456642e+00,-4.025483628315026152e+00
2.441886766215580540e+00,4.303971022626464027e+00
5.230598920038229238e+00,6.033322206340299587e+00
-5.325773063444421140e+00,-7.455465796659552780e+00
-1.086171736407487876e+00,6.993519098189513450e-01
2.873169848583357666e+00,4.212718548129228857e+00
-2.351123465818742542e+00,-2.151626582367115681e+00
1.004373605892036725e+00,-3.507687029507135179e+00
1.981206037843052270e+00,4.328148544147833121e+00
-1.394132475479538780e+00,2.846435599095979541e+00
-2.806981542683392838e+00,-3.603998561844755422e+00
2.811598939107349704e+00,4.682862283968463935e+00
-1.612587358614716360e+00,-4.167793417100187359e-01
-3.120183803763512564e+00,-3.160743631233202677e+00
1.031968204749701634e+00,4.638479581587592548e+00
3.916704272575731505e+00,5.526255904897016791e+00
-9.375852942291067471e-01,-1.892800963729317498e+00
3.241273119315058349e+00,3.798724263642613064e+00
3.375883821362223536e+00,6.799416560911874186e+00
-3.047253705025177783e+00,-5.359413376384784655e+00
2.317923627392552532e+00,9.038204446998713282e-01
-4.257626274990600201e+00,-2.670397826005335595e+00
5.428102098133171793e+00,7.001687896744988926e+00
2.197919862524650547e+00,2.561134024950424859e+00
-2.014735214137604480e+00,-1.002748822989207866e-01
-2.983802059618667624e+00,-3.965505034784267746e+00
2.806695760316046062e+00,2.453048859753308442e+00
5.935506357735576000e-01,4.175452214480774416e+00
5.547375424360521112e-01,2.275723808557422734e-02
-2.828144284692338251e-01,1.211118141712472340e+00
1.997531299158925799e+00,6.277086240993638988e+00
-1.952612372022029530e-01,-7.734737723126056119e-01
-1.298203793628075697e+00,-1.748174382239658486e+00
1.083478737081329468e+00,1.314716193253709919e+00
1.573308560690096281e+00,4.005670025893304675e+00
2.182362777395754794e+00,1.731835852552097821e+00
-1.605809514750036415e+00,7.214703087742524446e-03
6.661372756421498620e-01,-1.192267794318032370e-01
-2.743575277443643934e+00,-6.722961988884539331e-01
3.270517397138686277e+00,6.314368739643576589e+00
-1.552990016638923443e+00,-2.468385081882594756e-01
-2.298637294123154096e+00,-4.270138822712699955e+00
3.468557933140719918e+00,7.518717253780403453e+00
2.928435574443607248e+00,3.013147299792789724e+00
-2.040515850409061471e+00,-5.317167648302127070e+00
-3.792912127317358717e+00,-5.726782283146018671e+00
-1.070029526909605622e+00,-1.180202368938098267e+00
5.672224479312904855e+00,5.953899297895079101e+00
-1.046306454157405641e+00,-6.058846611774528768e-01
5.317803527958626653e-01,-7.837315126044062108e-01
2.653734696907915358e-02,-1.231853681577430859e-01
1.472107587343726154e+00,4.567105534084948459e+00
3.777955067905832909e+00,7.595730878977851930e+00
-1.862811922177824986e+00,-1.081876132001950985e+00
2.411048103876007875e+00,4.285493851020070188e+00
-5.997958906122531353e+00,-8.787752616295366082e+00
-7.342675701531791166e-01,-1.372406051134207883e-01
-2.180970480332290240e+00,7.999829700884018013e-01
-2.371275276474949845e+00,-4.185873006890238557e+00
-2.772450892025601354e-01,-1.269542835065431641e+00
-1.749052227961629402e+00,-5.838874530186834555e+00
2.684648144986276463e+00,7.529005510655309763e+00
-5.779125221130187562e+00,-8.814629927658241826e+00
-8.705328791684838752e-01,-1.257320431559045826e-01
1.456714349630215066e+00,2.814533744146578975e+00
-6.592245833275338640e-01,1.687440188473539326e-01
4.332721758453303984e+00,6.289021691196824193e+00
-1.496671217045022484e+00,-3.915397736699304687e+00
6.394179332546385819e-01,5.265118195479699281e+00
4.247509964868921850e-01,-4.676876251598646173e-01
3.557411529616331336e+00,7.510793828948431283e+00
-1.471885205329948487e+00,-3.101439902787185954e+00
2.765318190279733024e+00,4.626607515961950412e+00
2.925915760718125647e+00,3.018405773833074957e+00
1.200579766666607373e+00,-1.235268430036190468e-01
-1.159588987787304903e+00,-7.155566964973112398e-01
3.317816394406640335e+00,2.808139446736686029e+00
-3.041826923832786189e+00,-7.070930094499669138e+00
1.451298707825282586e+00,2.890958005393169827e+00
-1.261676259606649531e+00,-2.658965197077854725e+00
-7.869329209152386984e-01,-2.152436161797497416e+00
1.136873536733066015e+00,4.844923783659632832e+00
-7.715608029987522265e+00,-9.574573440769903243e+00
-1.998576000185904311e+00,3.761109957282747773e-01
-4.568930036893478763e-01,-1.750568769212804243e+00
-1.076023727415322373e+00,-2.013234321022098428e+00
3.253140578516636072e+00,3.661508657820447432e+00
-3.387887874409871714e-01,-4.356060453842640179e+00
-4.093531870334055078e-02,-3.407837128915258695e+00
6.929783385387354500e+00,7.952811874583688656e+00
-4.718842224640166449e+00,-8.382875784354245852e+00
-1.489376420073270424e+00,3.887549408818259389e-01
-1.076054693006260665e+00,-4.670742482610901192e+00
-2.328140626321816065e+00,-3.560176439328711417e+00
8.285819667900682362e-01,1.451122770468282086e+00
-2.390038476500791820e+00,-5.857324402217977344e+00
-9.890754163329806836e-01,-1.692580020787429085e+00
5.192949642556588863e+00,7.139072560572763848e+00
-1.645337504979128340e+00,-1.247863495686672985e-01
-3.028202026588340701e+00,-3.897973654452440151e+00
4.123772935312648436e-01,4.387673481776406703e+00
3.675850542984302471e-01,-1.440102248853594613e+00
-3.492251046926264646e-01,1.245551840267691501e+00
-8.149839945586667689e-01,4.386023278893638744e-01
-3.106431657627626297e+00,-4.433232452472816831e+00
2.013111023645187014e+00,3.682229064367006366e+00
-1.781308760305345684e+00,7.966538502141090605e-01
4.168680857027298181e+00,6.774152880532861687e+00
1.152938472140083270e+00,2.636478268002677705e+00
5.066001530481765158e+00,1.085218086216741895e+01
1.621534820671441057e+00,-1.036870668663595341e+00
3.521679250887502777e-01,1.843221204315832695e+00
3.957979546421315220e+00,6.700618406416227302e+00
3.130927856639971196e+00,4.156175552222225456e+00
-2.312076386921708693e-01,-1.519168166905558726e-02
9.267519928181738864e-01,2.126279739929698209e+00
-1.785476123530311154e+00,-3.591149148308025119e+00
-4.875397395889221386e+00,-5.249912514222216942e+00
1.639482271991685947e+00,1.466035302468007062e+00
4.255478585461789365e+00,6.937859933828766756e+00
2.052865435525135229e-01,1.943274018337408870e+00
4.006296969855223544e+00,6.207430006002413236e+00
-1.755509140891652109e+00,-4.465358945233552923e+00
3.196135519546634107e+00,2.441117454812195220e+00
-5.851298500466739050e+00,-1.142751613805303279e+01
3.957879372749746771e+00,5.046961432500596700e+00
2.168899502911519228e+00,3.116285829190540202e+00
-1.786459334049751213e+00,-3.632575935730914640e+00
3.599448150814796854e+00,3.114217777329260084e+00
-9.258153595666938906e-02,-6.942869006263360787e-02
-3.893236311211405010e+00,-6.395116515722416572e+00
1.189454436784837643e+00,-1.408337639727963997e-01
1.155031966388884390e+00,1.055149124592452914e+00
1.782283401435936998e+00,1.049053084343061881e+00
-1.211965443257423836e+00,-2.341596886831338153e+00
2.037129699627156398e+00,-6.630788272036580722e-02
-1.665736534578318384e+00,-1.819441109072317486e+00
1.199759906713597779e+00,4.057627547434520920e+00
3.416305493521285097e+00,5.733093255032406077e+00
1.857253460309940873e+00,4.425615234610879023e-01
-2.000320801722008213e+00,1.050503668130834400e-01
2.472642007846881096e-01,-5.304235702316408840e-01
-1.207466480851453694e+00,-1.825559793349837534e+00
3.128591905539436224e-01,-3.426985565558737235e-01
-3.948700024602897152e+00,-5.743349672515489779e+00
1.412722119598849080e+00,2.168023735242734507e+00
2.389889850962803042e+00,2.795717300454519716e+00
2.612795575393251468e+00,2.095028568436768879e+00
-1.673293383555621627e+00,-3.426263248216267154e+00
-7.776528043075957575e-01,-2.688140183231560787e+00
7.884434305194937265e-01,-1.232705559493905700e-01
-1.568170327144954967e+00,-3.161149635843315320e+00
3.292580582946506240e+00,2.205212333782442080e+00
-5.026529589174089097e-02,-1.536313949229128450e+00
4.806354084817484051e-01,-1.945457147439353385e-01
-2.863242015358409276e+00,-3.727703928892598384e+00
-5.600295992921816568e-01,-2.209438203818759661e+00
-2.699710396447415395e+00,-1.052686505828082986e+00
1.916497629738224795e+00,3.594396568715005458e+00
2.849339589527169370e+00,7.684305838703913594e+00
2.879215484089240329e-01,2.090259507948287965e+00
2.675431421074245364e+00,8.207583466359425373e+00
3.984320435169249608e-01,1.791770414754322083e+00
-1.460600697797970193e-01,-7.704221813382816642e-01
-2.716439982003618692e+00,-7.970666370215776730e+00
-1.560823222761185569e+00,-7.740928729758795868e-01
1.803741717524911248e-01,6.295961408023145744e-02
1.457020491614828606e+00,-5.089952088787286222e-02
-5.550943204625171656e-01,1.116134027392262917e-01
7.365444953862823607e-02,-4.332551753856985211e-01
1.469540059567946644e+00,1.913182617330260182e+00
-1.257428254569483039e+00,-6.401639226531149696e+00
1.944519826719027233e-01,-3.426158382648333278e-01
-3.673092864190222073e+00,-6.098506726965731595e+00
-1.789409068690370086e+00,-7.377689213596061002e+00
-1.395209114784044857e+00,-1.785909342352807849e+00
-1.987598468774769200e+00,-6.724276011782872153e+00
3.265666841693525280e-01,6.876535931857473694e-01
1.419930918256961938e-01,2.732608685301962659e+00
-9.834181005641059459e-01,2.505486782546599400e+00
-3.477130498725907515e+00,-3.932753127148894468e+00
-4.372663748670393424e-01,-2.918779111764933543e+00
5.588474419251476810e-01,2.118585199692431420e+00
-2.859628451603799526e+00,-2.158318414216260805e+00
1.935439454486250987e+00,1.511116443210533289e+00
-1.411481265462090740e+00,-4.045917605019676344e+00
-3.250390328724993338e+00,-3.039335812535425063e+00
-8.143424863284776105e-01,-2.109862955000136431e+00
-6.349259986751967233e-01,1.420294114836776755e-01
-1.998480165408900389e+00,1.123780884348295706e+00
3.365596851609184981e+00,3.637922907124041760e+00
2.960534664157638218e+00,3.799167020414980112e+00
5.988185958522863395e+00,8.837652199111659002e+00
1.555454248819796215e+00,2.791550374687934433e+00
7.334175378662899369e-02,-2.416848613630097287e+00
-3.857740871630968904e+00,-2.832147879993829331e+00
-8.947221104502500744e-01,1.712270482402599381e+00
-2.280285321692550937e+00,2.178274714240030496e-01
-1.377031097371477664e+00,-5.532977884110305666e+00
-9.926936128697658734e-01,4.811309162445259746e-01
-4.292015780071722908e-02,-1.481546482586805769e-01
-2.523105875474012105e+00,-5.721567930907669464e+00
-3.340712278692440362e-01,9.802223806818932683e-02
8.488222606498563305e-01,1.394349221462473531e+00
-2.317418099698555167e+00,-3.032607791150525589e+00
3.003806073642372176e+00,2.818180140295081237e+00
1.962834732752925415e+00,3.322243665148265190e+00
1.144807829001052379e+00,2.317101751342535709e-01
2.853050700794918626e+00,1.711106724223051767e+00
-1.004054615537276707e+00,-1.780116916307963315e+00
3.109730124174413746e+00,5.318033234327568692e+00
-2.677436039988164929e+00,-6.044211827415057137e+00
-2.982851154695844276e+00,-5.707492818185770034e+00
-5.801026372162504385e-01,-7.808442392628133222e-01
-3.630384461173565391e+00,-5.815373903406663381e+00
4.018709685646879137e+00,4.110881516009366798e+00
